path	head_judged	head_on_disk	untracked	modified	ignored	ignored_classes	guard
/home/reyerchu/_d9_page2	5295b42eb	5295b42eb	0	0	9	__pycache__,.pytest_cache	PASS
/home/reyerchu/_jppa_feas/wt	59fb763e8	59fb763e8	0	0	7	__pycache__,.pytest_cache	PASS
/home/reyerchu/_jppa_report/wt	19bfb5d1f	19bfb5d1f	0	0	10	__pycache__,.pytest_cache	PASS
/home/reyerchu/_LRNor	a5c55ca22	a5c55ca22	0	0	0	(none)	REVIEW
/home/reyerchu/vibe-ic-wt-caravel_user_project-fix-def-progression	8b255a893	8b255a893	0	0	8	__pycache__,.pytest_cache	PASS
/home/reyerchu/vibe-ic-wt-caravel_user_project-fix-explicit-top-not-in-rtl	348b1d965	348b1d965	0	0	4	__pycache__,.pytest_cache	PASS
/home/reyerchu/vibe-ic-wt-caravel_user_project-fix-phase3-asic-top-resolution-caravel	b29d0c250	b29d0c250	0	0	4	__pycache__,.pytest_cache	PASS
/home/reyerchu/vibe-ic-wt-foundry-gds	54d27af31	54d27af31	0	0	8	__pycache__,.pytest_cache	PASS
/home/reyerchu/vibe-ic-wt-si-mcf	9eb795dcb	9eb795dcb	0	0	8	__pycache__,.pytest_cache	PASS
/home/reyerchu/_wt_905move	f36510ba6	f36510ba6	0	0	8	__pycache__,.pytest_cache	PASS
/home/reyerchu/_wt_citroute_head	54dadb4bc	54dadb4bc	0	0	0	(none)	REVIEW
/home/reyerchu/_wt_v1537	7d1a8e2fc	7d1a8e2fc	0	0	4	__pycache__,.pytest_cache	PASS
