rescue_ref	sha	already_on_live_origin
harvest/rescue-102-branchreflog-1-repo	bd8f634e36bbcfbccefe8b1fac56e3d5cda48836	NO
harvest/rescue-102-branchreflog-2-_landppa	751a1bb469c43112c7b73a1dbdc6970e9d5da804	NO
harvest/rescue-102-branchreflog-3-vibe-ic	531b10ddabc129cf46710cfc828bfcdfe5a9a998	NO
harvest/rescue-102-branchreflog-6-land	25602bcf1679f3f8d75593610992888fffe2f442	NO
harvest/rescue-102-localonly-1-_impl_deferred-gate-skip-by-ownership	6c7006e8ca30943f3e03d869c673a0384062664d	NO
harvest/rescue-102-localonly-10-vibe-ic	62e8828f798bf854e32991c76a4b0b5f0432aeab	NO
harvest/rescue-102-localonly-11-_wf_ae_a-control-that-collected-nothing	f620cf940ce53eeebf527ffedcc11900dc1f9534	NO
harvest/rescue-102-localonly-12-_wf_ae_a-control-that-collected-nothing_866v	c9b39f810f4b42f095c9dbf9eab9bec3551a2c87	NO
harvest/rescue-102-localonly-13-_wf_ae_a-stated-justification-must-be-checkable_v871	493d1635068bf3106cac4b9c2c9ba86639244f4b	NO
harvest/rescue-102-localonly-14-_wf_ae_sweep-must-reach-the-firing-path	0049ee0ad3cb3087505d8caae53794926081aa73	NO
harvest/rescue-102-localonly-15-_wf_ae_sweep-must-reach-the-firing-path_865v	0021c75d4dd332721b3a8d87523459aa033451fb	NO
harvest/rescue-102-localonly-16-_wf_ae_the-direction-must-be-pinned	435f680201d9493d497c1409a8744cc14df582f5	NO
harvest/rescue-102-localonly-17-_wf_ae_the-direction-must-be-pinned_v870	13fff4224f39ede1b48d0a979902b133753d3779	NO
harvest/rescue-102-localonly-18-alt	1c2ea905da1eb6b64db50b656166b754b26ef5f5	NO
harvest/rescue-102-localonly-19-fixprobe	c519a3301bbb624e0903b29d28fa05d2aa331c1f	NO
harvest/rescue-102-localonly-2-_impl_layer-demand-zero-needs-evidence	f591fdfe8bd34f9a7a009c29a46dbf958a9f82c3	NO
harvest/rescue-102-localonly-20-mut	83626c94f65e6692bc0163934d68d8112565c5b5	NO
harvest/rescue-102-localonly-21-repo	5d513aac4e4c4270568464a118a00f8839b78b0b	NO
harvest/rescue-102-localonly-22-verify_pr	dc5d3d5b09c2616a2761119e04957f4da993860d	NO
harvest/rescue-102-localonly-23-repo	77724dac34c853c32696ea302c50bf9f0ae3b522	NO
harvest/rescue-102-localonly-24-verify	31b9da5dcc162e1c2a9030fe29f99d1d779e524c	NO
harvest/rescue-102-localonly-25-repo	c38fb2592f79c8f7ddca0b4e7a749070b425eb9d	NO
harvest/rescue-102-localonly-26-vibe-ic	c6a41778954b03b31b4d52eb990acdd23357993c	NO
harvest/rescue-102-localonly-27-repo	085f222328d1f2ec2e449b7a29b7e0d926397cf5	NO
harvest/rescue-102-localonly-28-vibe-ic	44faaba501708dad78da9ef0722e1348df1bc2ca	NO
harvest/rescue-102-localonly-29-_wf_cap_detector-must-not-name-the-design	5ca1246b42c136d98260123f4c27fd0826cae8dc	NO
harvest/rescue-102-localonly-3-_impl_p0-umbrella-verdict-coverage	4157ab00ef705b237a1789aef0a5f6b34623ca10	NO
harvest/rescue-102-localonly-30-pr_clone	72180a5f62ca07caf38deae15b693589927efa22	NO
harvest/rescue-102-localonly-31-repo	82cdfdc762d3be70bc9d70263f86a4ff44c0e51d	NO
harvest/rescue-102-localonly-32-fresh	2387f89ee961e1fc5c0ebf781b1d25f669e8894e	NO
harvest/rescue-102-localonly-33-repo	bc6a0dc82587cfda80d6dbc0d0075cbb4267af52	NO
harvest/rescue-102-localonly-34-repo	6d37055639d87058cc1c5de7138d9497a57a319d	NO
harvest/rescue-102-localonly-35-repo	018d5037f011b1d457433c448d750c13873bd455	NO
harvest/rescue-102-localonly-36-repo	4d89abb6959641c1516bbd102aae2d87cb636ec5	NO
harvest/rescue-102-localonly-37-repo	c99d3a8fc793d8ea2242835c6b24710cfb47d264	NO
harvest/rescue-102-localonly-38-repo	72a37fea219413fc09a33ba3bed18e14b667ea62	NO
harvest/rescue-102-localonly-39-actv	f9f81332a1a70bfef40552d845c99d321c9c2925	NO
harvest/rescue-102-localonly-4-_impl_p0-uninvoked-gate-smoke	eb4bff360438a510a2c1863de928620dea0740d5	NO
harvest/rescue-102-localonly-40-bl2	af8d76bbcc427dbe225fdc22ab6b75a3ab5ca563	NO
harvest/rescue-102-localonly-41-blpr	9da3c4ddc3b2608dd079c3052360430eaeabc6a2	NO
harvest/rescue-102-localonly-42-repo	f380855495604b75396632b5631645ffa531dfde	NO
harvest/rescue-102-localonly-43-r788	323f8180c04f0247b7e87fc9a466ac061744474f	NO
harvest/rescue-102-localonly-44-r790	7b649c0a3055d6916bbb052d35f373daff50261a	NO
harvest/rescue-102-localonly-45-segvrepo	a7dea7ce5cbdfaa6351ac9af25898eeb4af28331	NO
harvest/rescue-102-localonly-46-adj	c85bcf38fb1391d06d7f5e10a87911d8029f6fc1	NO
harvest/rescue-102-localonly-47-vibe-ic-repo	d176ecc82610c3241b301fcdb0f5f129278375b5	NO
harvest/rescue-102-localonly-48-wt1703	b2c538e9aa2c2a10954adb04375381217b56c419	NO
harvest/rescue-102-localonly-49-vi1645	86488108c8f96a71c727fefd06104953263e2675	NO
harvest/rescue-102-localonly-5-_impl_pdk-provenance-from-load-path	5dd15f4c96c8b71f27865e94e7b2686f172a7a01	NO
harvest/rescue-102-localonly-50-wt1700	938ef6791b2df6a0693f8937c8bf199092f9bf56	NO
harvest/rescue-102-localonly-6-repo	a461a7310a62e2b78619cc492a0abffa85e0a795	NO
harvest/rescue-102-localonly-7-repo	52502ea40cc5469b04e897b2cca8a8f0f2daf1d8	NO
harvest/rescue-102-localonly-8-repo	895e8ec036ec3b52976ec21a2c9859c29d853062	NO
harvest/rescue-102-localonly-9-repo	ddeecbdfd86ac7d8833ba5e2996166d17f20ebf2	NO
harvest/rescue-102-localrefs-1-repo	63e23f3d72c47c0a4e80c285592864ebdc75027f	NO
harvest/rescue-102-localrefs-10-_landppa	fa763e30ea12ad7a262f41efc2b45d2b20153bfa	NO
harvest/rescue-102-localrefs-11-_landppa_base	735f06316e0ce72d4a660210cf5adaa322981c56	NO
harvest/rescue-102-localrefs-12-repo	d6daa83af9a212541c920ca8f30bfdb5b0c9e3f2	NO
harvest/rescue-102-localrefs-13-repo	88d7f5fd62bf1d2689796b4d01b01402a4cd4c5c	NO
harvest/rescue-102-localrefs-14-main	299308be1fd35972d0d08813f6f9b423d4432bdd	NO
harvest/rescue-102-localrefs-15-vibe-ic	95b891ea322870988041dcc8a6c754f56a8c7ad0	NO
harvest/rescue-102-localrefs-16-_wf_ae_a-control-that-collected-nothing	3506299fbbc99027bc4b091aa867bd5555abc49f	NO
harvest/rescue-102-localrefs-17-_wf_ae_a-control-that-collected-nothing_866v	08022ebe3a0d6401df54c4fcf8a045dd456ab5b0	NO
harvest/rescue-102-localrefs-18-_wf_ae_a-stated-justification-must-be-checkable	863ced77c4cc60ace040e3b6ade7776c20ccd28a	NO
harvest/rescue-102-localrefs-19-_wf_ae_a-stated-justification-must-be-checkable_v871	3693f5ae4ceae6ad9f8f62bef0f35339f78941ce	NO
harvest/rescue-102-localrefs-2-marketplace-upgrade-WiJcVG	38dc631a8c9638b94ff163e9308ba7929d12ad28	NO
harvest/rescue-102-localrefs-20-_wf_ae_sweep-must-reach-the-firing-path	077abc62b258db1c6bec77e86f595d596421b270	NO
harvest/rescue-102-localrefs-21-_wf_ae_sweep-must-reach-the-firing-path_865v	582912cff771a11cbc5d6423b151ba24161d54ed	NO
harvest/rescue-102-localrefs-22-_wf_ae_the-direction-must-be-pinned	d5d1b3d3e84ca3316b413a3c5fcdd2aa9b2b9fe4	NO
harvest/rescue-102-localrefs-23-_wf_ae_the-direction-must-be-pinned_v870	48d61d15354b9564e404b85d9a8ac4ddb75803fc	NO
harvest/rescue-102-localrefs-24-alt	d6db6130c27af122ecaa751cc0231a9aa6ffdb52	NO
harvest/rescue-102-localrefs-25-fixprobe	5e38c8696efa4bfedd31a39f320e9aa06aa90758	NO
harvest/rescue-102-localrefs-26-mut	79e48a50aee2cf2a1e07d76881ed7c35b656fb86	NO
harvest/rescue-102-localrefs-27-repo	a969b478f0e06e7ae07ed7e8cf3c12e28be4a607	NO
harvest/rescue-102-localrefs-28-verify_main	803869f401a5e01ec1e0d73920529ad34dbda8ea	NO
harvest/rescue-102-localrefs-29-verify_pr	1178248858813608c289aefe93dbb77d0bbc7fce	NO
harvest/rescue-102-localrefs-3-vibe-ic-marketplace	3adee65d850dbb3e6a6f95dbfd4141d09c99e104	NO
harvest/rescue-102-localrefs-30-repo	a0dc18b30560ce938f4651412a98bb4abf15e9a6	NO
harvest/rescue-102-localrefs-31-verify	78218769703455912059ba21450edd552bec3b01	NO
harvest/rescue-102-localrefs-32-repo	b8f40b2388452c88ebb1b86ce6b210cb6d4c137a	NO
harvest/rescue-102-localrefs-33-repo	6b8e0af2ec81156b2341955a5e1324687e76d516	NO
harvest/rescue-102-localrefs-34-vibe-ic	069b5ed9c538511e48670a04b928830ade704381	NO
harvest/rescue-102-localrefs-35-_wf_cap_detector-must-not-name-the-design	c400033526025188ae4d68b389644d78028446d6	NO
harvest/rescue-102-localrefs-36-main_clone	2190ea22d3fe276c740978d084ea1bedaa086270	NO
harvest/rescue-102-localrefs-37-pr_clone	e1461c87e44f2860a9a95365621394b1ae94df64	NO
harvest/rescue-102-localrefs-38-repo	e2ceec9780c5d1494ad8843fb42b980d7199d722	NO
harvest/rescue-102-localrefs-39-fresh	da58751a14c7fcc81f558cfb8675433c55075ff4	NO
harvest/rescue-102-localrefs-4-repo	0caca27bfacb9c6409d1cd6ed89048c4761d01f7	NO
harvest/rescue-102-localrefs-40-repo	9a01c98f72974147dc30e9a97f7e00e10696d724	NO
harvest/rescue-102-localrefs-41-repo	84730809f882100a481bc8a87deb5ad84379ce80	NO
harvest/rescue-102-localrefs-42-repo	27f82d73f9485d19d0d6c22f1b53fe80a67c601e	NO
harvest/rescue-102-localrefs-43-repo	d65226abda78bc9ac9291631a702e6eab050b74d	NO
harvest/rescue-102-localrefs-44-repo	4d6e234d71038392d593ccb2e5762923f04d90d7	NO
harvest/rescue-102-localrefs-45-repo	95c1661930c9e3e8fa587706b472be747035d659	NO
harvest/rescue-102-localrefs-46-repo	92a1ded69dead6785413ebc3e69793146dc52c7c	NO
harvest/rescue-102-localrefs-47-actv	07281d1bda46a9563e3fc82100a9c602e2655dcb	NO
harvest/rescue-102-localrefs-48-alt	cf4efe807e00a327ae0ffd56e85e9eec8fe1ac68	NO
harvest/rescue-102-localrefs-49-alt2	5e9d44a367e4d68203bcc5829932cffe217cfa6d	NO
harvest/rescue-102-localrefs-5-_impl_layer-demand-zero-needs-evidence	c90964558270a45dfc82e58e9c8e8b468c7451fc	NO
harvest/rescue-102-localrefs-50-v1	9c20a75efc346358c8e059f1078a2b04d763eda3	NO
harvest/rescue-102-localrefs-51-v2	f0debf351b160fc5f8bfd63f444cca2236d3ea97	NO
harvest/rescue-102-localrefs-52-v3	ae05591dcc226be426d5c1f8cb760029e1c532d0	NO
harvest/rescue-102-localrefs-53-v4	5e6e9f486edf4330bcff7edf8e080a5803a96999	NO
harvest/rescue-102-localrefs-54-adj	cc1bfb7a2c6ab0d073b0eebad0afa225e2a8b960	NO
harvest/rescue-102-localrefs-55-vibe-ic-repo	5473060dbd1a7ecf94c50eded98da7495c869186	NO
harvest/rescue-102-localrefs-56-wt1703	4d5144a34086b326cd59a849b12b59a7b5f90880	NO
harvest/rescue-102-localrefs-57-land	ee3abbd77137000b9dca2a0ee57382e16c7bfe2b	NO
harvest/rescue-102-localrefs-58-vi1645	d6bb23e5053513b27210589ca90cb8fbc3a05181	NO
harvest/rescue-102-localrefs-59-repo	7e10b2d564d4e1fe958d9fe36e5a9f0e417092eb	NO
harvest/rescue-102-localrefs-6-_impl_p0-umbrella-verdict-coverage	2cfeddf5e90eac97b20577ff9349e2612fc43e19	NO
harvest/rescue-102-localrefs-60-wt1700	43401e95255057dab08268f4f414a7045ae9c0ff	NO
harvest/rescue-102-localrefs-7-_impl_p0-uninvoked-gate-smoke	f45bea2c1f97644d1bcaf249e4779231c98c10f4	NO
harvest/rescue-102-localrefs-8-_impl_pdk-provenance-from-load-path	c74f9b7334230e4953abcfb7b07027b6d9a73fd6	NO
harvest/rescue-102-localrefs-9-repo	6bddece1f3dd2a4ea8a3c405529336a3a0d7b670	NO
harvest/rescue-102-stale-remote-vibe-ic	79768640f9a7b6c47796e4715e659a8242317863	NO
harvest/rescue-102-stashes-1-repo	542c252038a98fd4625e4a48e42a6881f4b94a07	NO
harvest/rescue-102-stashes-2-repo	fff7cca2c9a137f857db3328dfc74bc0f64bb3c8	NO
harvest/rescue-102-stashes-4-fresh	9678c387c587aee79934fcf7c1a822321c165fe4	NO
harvest/rescue-102-stashes-5-repo	a6aaa2117489e5b5d7efa51790b9f4f3aea1bb54	NO
harvest/rescue-112-branchreflog-vibe-ic	773d5c3ad90f9c392d99070f884a5ec883e9e762	NO
harvest/rescue-112-branchreflog-vibe-ic-repo	3d3cec9a1f4a7048576619fabe41ea28ce594d85	NO
harvest/rescue-112-displaced-1-vibe-ic	9204419771bf9f84275952f1a911525962a4247e	NO
harvest/rescue-112-localonly-vibe-ic	9872a8874c820f6c0773c111aa4c53ed22039ed8	NO
harvest/rescue-112-localonly-vibe-ic-repo	ad8527197bee2ea89399bb7b0b64eb9e05558dbc	NO
harvest/rescue-112-localrefs-1-vibe-ic	c24b74aa12a7d5fc9d767623bc06da31d437ace9	NO
harvest/rescue-112-localrefs-2-vibe-ic	df829b5ae842b4b597dff718075d0f4e67631550	NO
harvest/rescue-112-localrefs-3-vibe-ic-repo	3c5c33c012079ddc0500911f7aca729cca2c036c	NO
harvest/rescue-112-stashes-1-vibe-ic	2eaa1233ff14243726b667b74f01ab7250b36f75	NO
harvest/rescue-112-untracked-caravel-handoffs	33d256659929e84e53f83f6cde4be66fca0aca6a	NO
harvest/rescue-114-branchreflog-1-vibe-ic	0de06659189a73b5520cdd2aeee6803bd9771d76	NO
harvest/rescue-114-branchreflog-2-vibe-ic-repo	aa4e6519e9120cd6cc9fe2ef5d9dd47bb522cd87	NO
harvest/rescue-114-displaced-1-vibe-ic	6cdbbe9d7cad7c6e0c484842741bcbf88f9d2214	NO
harvest/rescue-114-jcpath2-moved	719ecc7df1962f70228812ab7d0dca3ea72c00a1	NO
harvest/rescue-114-localonly-vibe-ic	6864d3dabef9d3d3957e719118342d4f422ba39b	NO
harvest/rescue-114-localonly-vibe-ic-repo	350970637ce6ecacd2e6bd2e9c56d9624ff21d15	NO
harvest/rescue-114-localrefs-1-tree	fdf52f7598e04891b319b1d63f8b350a1f099e08	NO
harvest/rescue-114-localrefs-2-vibe-ic	73cdf0d3bc38354fbe80ff016410ddcc74fc595c	NO
harvest/rescue-114-localrefs-3-vibe-ic-repo	bd8b173a7736120ac29bccef5a52711a7c6d435a	NO
harvest/rescue-120-falselanded-_agent_scratch_whatif-wt_C	66f0222826572bfe7dc9b38c5b85ef6c150f072a	NO
harvest/rescue-120-falselanded-_agentjob_i1015-wt	d3f072f2377f0cce094cdae0457bfcd52b287b25	NO
harvest/rescue-120-falselanded-_wt_1236	a2c981cb098459b3397d0e4678831698a2aade7a	NO
harvest/rescue-120-falselanded-_wt_1486	544526531524ef82fb20909e59f56e386461d57e	NO
harvest/rescue-120-preserve-1-advA	6f67cb8f4d2ecee062e980a848b7aa049a2c5ccb	NO
harvest/rescue-120-preserve-10-wt-branch	1ac86f2a0bf18630cf0f4eb9a2f1d982ac4e631d	NO
harvest/rescue-120-preserve-100-_pg_MEGA2	56d75ea8004affd46634252d40014102ead98278	NO
harvest/rescue-120-preserve-101-_pg_N2	3785b3c26a070a0e13d70450d422075ffcef666b	NO
harvest/rescue-120-preserve-102-_pg_P2	f1a8aebf54a4d8f5970f90a3825892cb63a6732c	NO
harvest/rescue-120-preserve-103-_pg_pair	bead78aebb99d1c0434feb2e1561e83bf9e6ce38	NO
harvest/rescue-120-preserve-104-_pg_q1	5a8fb58611c8604276a5289321e7afa50f779cfd	NO
harvest/rescue-120-preserve-105-_pg_Q1	f0b4804c40ea49bf325c879d135661d75d6681f4	NO
harvest/rescue-120-preserve-106-_pg_s4	19e288ba8f9a9a11463a4371796e9755ec8e511c	NO
harvest/rescue-120-preserve-107-_pg_TB	570fdb1d93e345019e56ab7dc0aa93c9426d2b6e	NO
harvest/rescue-120-preserve-108-_pg_VP	4f11e2a31661ad182c20dea5c6063123b561f725	NO
harvest/rescue-120-preserve-109-_pg_z3	5eba0c6291e55c4623383aedc47e7ef7efc7a3eb	NO
harvest/rescue-120-preserve-11-wt-scratch	92acd2b5ae71c678162767e097e9c689e3083bac	NO
harvest/rescue-120-preserve-110-iso	19cf73186ba8e6940c3ce729c9e86f57a7e47094	NO
harvest/rescue-120-preserve-111-pr0	b6d439c29c748c3dce7d6a83792bbdc31c7f7f99	NO
harvest/rescue-120-preserve-112-pr1	0134be4d76c9f133b44522c28efd2d664151b4ef	NO
harvest/rescue-120-preserve-113-pr2	f8417acaf7d08971a5f35c4e285157bea57e386d	NO
harvest/rescue-120-preserve-114-pr3	d7f1c829183e0fdc1d80c37ad1ab77792d8d4abc	NO
harvest/rescue-120-preserve-115-wt	6a00984d762d8be9844b1b92ac52b5e7e7d2e348	NO
harvest/rescue-120-preserve-116-mut_wt	16609b7d398da2c168ba1d808fc2003d58315576	NO
harvest/rescue-120-preserve-117-repo	f6d3d16753d9b71145a9c62c6693fa7ad95d6895	NO
harvest/rescue-120-preserve-118-base_wt	e9e3b54cc9bd2ee21b54bab6ee9357579838069b	NO
harvest/rescue-120-preserve-119-_spmslot	a58649a20fedc49621eb5dc46e5fac2a9f48d3ab	NO
harvest/rescue-120-preserve-12-wt-work	bc15b3e9e78f34d6c57d59caa4b76a9a673b1641	NO
harvest/rescue-120-preserve-120-_spmslot2	4c32700410633cfe783185a93b09fd9c3b1904b0	NO
harvest/rescue-120-preserve-121-vibe-ic	0280adfe6bcc0e21e900054ee53559f5c624cf48	NO
harvest/rescue-120-preserve-122-vibe-ic-pr781	04a5e3641185fa67e4dcb5b3041da2e4679d7372	NO
harvest/rescue-120-preserve-123-vibe-ic-pr782	8961441a25111f1b48ef84f30172b63acae6b531	NO
harvest/rescue-120-preserve-124-vibe-ic-repo	d699b84fee024b410791413e33940b99bf621bf7	NO
harvest/rescue-120-preserve-125-vibe-ic-shard	eae791e0225b4413ff7cc3aa5d5bee5ebdd7dcc1	NO
harvest/rescue-120-preserve-126-vibe-ic-w3-1745	4d4cf18e4646be1feb08154fe1ccef6c1dd53e4d	NO
harvest/rescue-120-preserve-127-vibe-ic-wt-baseline-main	1c4f0c101f2607d84ce647a46b071d6acb2d7d64	NO
harvest/rescue-120-preserve-128-vibe-ic-wt-bmpublish	f26bb3f7c9531b082e6435f59b73cbf297566e2a	NO
harvest/rescue-120-preserve-129-vibe-ic-wt-caravel-drv	34d55275866874c57328a9e3c97ac37e5d5bd253	NO
harvest/rescue-120-preserve-13-reb	a271e6fb893fd68c4dbf923c09eecdea220cd78f	NO
harvest/rescue-120-preserve-130-vibe-ic-wt-caravel-final	ceaf772d29488feccf378893153c3a2a619f58d7	NO
harvest/rescue-120-preserve-131-vibe-ic-wt-caravel-rerun	ad1322f9357e9f7cee5c66abe5bbf8df93ff0b7d	NO
harvest/rescue-120-preserve-132-vibe-ic-wt-caravel-sta2	53a03aff2ac6793d302113cf5bd326901ab15bde	NO
harvest/rescue-120-preserve-133-vibe-ic-wt-caravel-tap	2d26ac9bd18347c8dc1b1fafbc6b394680b61758	NO
harvest/rescue-120-preserve-134-vibe-ic-wt-caravel_user_project-fix-def-progression	33b72fea91f08a7efa8e96a031537cca5b0cc468	NO
harvest/rescue-120-preserve-135-vibe-ic-wt-caravel_user_project-fix-dft-dff-detect	751279a32db1ba77264774d54e19d99b80194a9f	NO
harvest/rescue-120-preserve-136-vibe-ic-wt-caravel_user_project-fix-eco-wns-max	fd5ecf81409376ca6c3b0d0d59c27be97dfe5520	NO
harvest/rescue-120-preserve-137-vibe-ic-wt-caravel_user_project-fix-explicit-top-not-in-rtl	c430af370f954a9423b383dcf45a309921ef435f	NO
harvest/rescue-120-preserve-138-vibe-ic-wt-caravel_user_project-fix-lvs-poweraware	2cf585ff5b8fe1740ce5f9759aa41ea4d74036ec	NO
harvest/rescue-120-preserve-139-vibe-ic-wt-caravel_user_project-fix-phase3-asic-top-resolution-caravel	2436bf3124144dcec0108d19f5b2400ceb5697a3	NO
harvest/rescue-120-preserve-14-wt	a94585eefa98c486cf9a8271417609ca2d3492a2	NO
harvest/rescue-120-preserve-140-vibe-ic-wt-caravel_user_project-fix-sta-mcorner-drv	3056b9765c1ecd828d86c244c5996650d17e3885	NO
harvest/rescue-120-preserve-141-vibe-ic-wt-dft-atpg	d35314cbd59a7b6d8e2a3e6e50d4c5079eff1f41	NO
harvest/rescue-120-preserve-142-vibe-ic-wt-dft-timeout	e1aa721d127a18d24d0e47750a433794d5583b92	NO
harvest/rescue-120-preserve-143-vibe-ic-wt-drv-repeater	1dae57fff1878b745a0f319a7b2800b0004481b3	NO
harvest/rescue-120-preserve-144-vibe-ic-wt-falsecert86	2a51a465fb05f7309d2fdb3c654d233ee7f2beaf	NO
harvest/rescue-120-preserve-145-vibe-ic-wt-foundry-gds	fa49ecaebf508ddc5f905a51d0363b81492f2622	NO
harvest/rescue-120-preserve-146-vibe-ic-wt-gate2-drv	6df3c00581e619afaa28e0ed6fcf0f02c49c0b49	NO
harvest/rescue-120-preserve-147-vibe-ic-wt-gdssubstance	54bf8323d1dd745f1d64f527b77af956aa9ae50a	NO
harvest/rescue-120-preserve-148-vibe-ic-wt-gdssubstance-baseline	e5fb815a6ca3f112207a072e3e5b3df331b86b64	NO
harvest/rescue-120-preserve-149-vibe-ic-wt-ibex-l9scope	651e447a7f507f32c2b8f260112fe152b6f063dd	NO
harvest/rescue-120-preserve-15-wt	ac94fd6e8e10066b3cf2a92a0f84104f3db4b839	NO
harvest/rescue-120-preserve-150-vibe-ic-wt-jxlayer	69b5e1dac8cbd8ba439fa157938c1319305fb290	NO
harvest/rescue-120-preserve-151-vibe-ic-wt-ldoc	070f4288f0856bc70e084607538d3117afd2ec23	NO
harvest/rescue-120-preserve-152-vibe-ic-wt-minarea	947f7f029d6ebaa7dab6f266b529d4cb0e093525	NO
harvest/rescue-120-preserve-153-vibe-ic-wt-nvmpinpath	b8451c7b36007597eb29d8ae8e9e6c91fe2e9a1c	NO
harvest/rescue-120-preserve-154-vibe-ic-wt-p0	0b1dcdc058f0f05297fb461c39a63d417f7f484e	NO
harvest/rescue-120-preserve-155-vibe-ic-wt-padside	c439ec1857bc81c33795d259a18b1d60f1c4df1e	NO
harvest/rescue-120-preserve-156-vibe-ic-wt-progsupply	4ec90d094e114c90123055887430510d42c3a1c3	NO
harvest/rescue-120-preserve-157-vibe-ic-wt-progsupply-base	e87c8a64dd742692ab4e1c05ade770e11388fd29	NO
harvest/rescue-120-preserve-158-vibe-ic-wt-progsupply-core	59fde69c8803df88953d30c7fdf8976819beb25d	NO
harvest/rescue-120-preserve-159-vibe-ic-wt-progsupply-core-base	7627f1ce286c8a4ed16be85dfa334572fa5cda00	NO
harvest/rescue-120-preserve-16-wt	d2885115a679d716afa971023ecbe080722e4558	NO
harvest/rescue-120-preserve-160-vibe-ic-wt-red642	143707313a3d0dbfd7ed689cf905c498440227e2	NO
harvest/rescue-120-preserve-161-vibe-ic-wt-revert-esc	870656d58ad75b21e4386caf0f33ce23365f0d8e	NO
harvest/rescue-120-preserve-162-vibe-ic-wt-sha256-close	4f1eb8a604f6e14706e3a73609d7d8edfa4e6fd4	NO
harvest/rescue-120-preserve-163-vibe-ic-wt-sha256-eco-regress	1e2422ecabb7bba36d925ea0336b71cd150c0f9c	NO
harvest/rescue-120-preserve-164-vibe-ic-wt-sha256-land	758b0d5f15cd0761ce3c365404a98070d003568e	NO
harvest/rescue-120-preserve-165-vibe-ic-wt-si-mcf	cd4ec2c88e6265f4472afaa3f2e94e3782d7fd6a	NO
harvest/rescue-120-preserve-166-vibe-ic-wt-simcf-corner	aefcca2242268f143f67323df30e4978c61fbe67	NO
harvest/rescue-120-preserve-167-vibe-ic-wt-spm166	adad66eafede805a7c823a0ea9cd8e71ac8c9f0b	NO
harvest/rescue-120-preserve-168-vibe-ic-wt-spm166-base	73a12349033bf450c6ce230cc9b583b9cb919988	NO
harvest/rescue-120-preserve-169-vibe-ic-wt-spm-drv-fanout	abefab5a77eab59223ea5c5592cc90d29df69a03	NO
harvest/rescue-120-preserve-17-drop	1bb0f10bc4118208ab8a53a2b0a76dfc6755dfba	NO
harvest/rescue-120-preserve-170-vibe-ic-wt-step4	4b67ee2bced64967dae4a4c892a96d91d98659cc	NO
harvest/rescue-120-preserve-171-base36	f4e97acfa8cb27e4be01e98fad1afbb599fa7442	NO
harvest/rescue-120-preserve-172-cl1359	d1f37a04217816320205e77b026893b00a6c14a0	NO
harvest/rescue-120-preserve-173-cl1441	733a0be6bd0a8ec0eeb4adcde5b23ee82eb642d2	NO
harvest/rescue-120-preserve-174-v1393	f286b344b192727860172ed138807c0d7f77552c	NO
harvest/rescue-120-preserve-175-v1395	6dcfc64d3b3ec2f5980fc6c3519e3f88fb47c21d	NO
harvest/rescue-120-preserve-176-v1396	2fe751edc7cd2c76d6ed9b3d16814badca718b6e	NO
harvest/rescue-120-preserve-177-v1418	832a99da6a6fd63d9776ea147dccdb43a207a000	NO
harvest/rescue-120-preserve-178-v1428	cbd7ac42d8b44cdf92424fcd13aec1f7f19b1848	NO
harvest/rescue-120-preserve-179-v1430	9811100f17ee238e08a5ebf0ceb03a0668b69b57	NO
harvest/rescue-120-preserve-18-revert	b2834b685bed22f335dc1f0181bd00e8c7c0dea2	NO
harvest/rescue-120-preserve-180-v1440	149eda7a5a937ee96fb9c3549e33de199589ca23	NO
harvest/rescue-120-preserve-181-wd7	7cdedc71717fe038798a32a5e80c680026b02b83	NO
harvest/rescue-120-preserve-182-wsk	ebb765d7d8a1d03c1bc0af4b4ff90e21f1d4bb25	NO
harvest/rescue-120-preserve-183-_w5b	eeb9ffbf591d3ff4d94f398533dee04818d38bcc	NO
harvest/rescue-120-preserve-184-tree	ff2faedc0ae814bf3f74f471113a28f3059af478	NO
harvest/rescue-120-preserve-185-_wt_1065	a8051533403a43483da1f7cd68f69a811d1b7886	NO
harvest/rescue-120-preserve-186-_wt_1065_push	4f5ff0f840e63af333feaaf89d2a65b35a9d0368	NO
harvest/rescue-120-preserve-187-_wt_1071	ccef66c76a84986e990ea5be6d7b3b6ea7fc22be	NO
harvest/rescue-120-preserve-188-_wt_1100	253f20e95b9e29826a9a4bba4bba9c5531acf3dd	NO
harvest/rescue-120-preserve-189-_wt_1122	4588f2d3ef5fc6474084a7e232d4263b80a50e5a	NO
harvest/rescue-120-preserve-19-wt	1c2a3c134469327c75f4e9484d19716e1b7fa3ed	NO
harvest/rescue-120-preserve-190-_wt_1145	d4f8d125a02892f877d572ee8f1fb912f6780420	NO
harvest/rescue-120-preserve-191-_wt_1148	f131fd3240c466f82591e6fdbf85cbc7d3507ac0	NO
harvest/rescue-120-preserve-192-_wt_1166	d1a26b85e0a03a335c36a861678a6d2e0305c3d4	NO
harvest/rescue-120-preserve-193-_wt_1186	936394a5480d54f405a5621b4090638008edc2c2	NO
harvest/rescue-120-preserve-194-_wt_1213	2ba96178045bbc70b5de1ca14a303323178dfcd2	NO
harvest/rescue-120-preserve-195-_wt_1233	01b8fa650336c1b2959bece48fce6488455af284	NO
harvest/rescue-120-preserve-196-_wt_1236	755159df75db5d9709bbb35837e1897c9f7a8f52	NO
harvest/rescue-120-preserve-197-_wt_1273	c21be9e412efc2efd2e98445e7416784cd8297db	NO
harvest/rescue-120-preserve-198-_wt_1292	fd26fd116829c23aa53da639e309a6884b52a599	NO
harvest/rescue-120-preserve-199-_wt_1306	649b876d6d26f39ff64588c84467a97bc6313238	NO
harvest/rescue-120-preserve-2-advC	b74df9b644f4928cde3778163b2e025cbc8a1f40	NO
harvest/rescue-120-preserve-20-base	7145f1ff54ea63c3fe06c3fb66003923d3f8bd94	NO
harvest/rescue-120-preserve-200-_wt_1390	219bb276b663ce71153d5bd07e539c0e6e0e3618	NO
harvest/rescue-120-preserve-201-_wt_1390pg	e95902c64c5eea8f008b9c18db5f5283dc899a5d	NO
harvest/rescue-120-preserve-202-_wt_1420	87b3aec6f5e426c88b30f3e999a197c89728cf22	NO
harvest/rescue-120-preserve-203-_wt_1420b	5a41ac6a8f892f9a9db1df601e1a2940c84ab8ba	NO
harvest/rescue-120-preserve-204-_wt_1486	51ff4a0d84a289e9eef5618524d86a6e0f523064	NO
harvest/rescue-120-preserve-205-_wt_1518	de5afecc187a9c723f8c41f90d8bc0f6606f44e4	NO
harvest/rescue-120-preserve-206-_wt_1518cross	bdc78809aec0133c2fb5234914ff58d732a7779b	NO
harvest/rescue-120-preserve-207-_wt_1527	ea6b6a66561d073eaa50c1eb17f09b4735d53a29	NO
harvest/rescue-120-preserve-208-_wt_1561	173eba53456a1842847bf812dd15746aad9f63c3	NO
harvest/rescue-120-preserve-209-_wt_1566	c708d55cd865211bec9e50a45c3ebaaf77ae293b	NO
harvest/rescue-120-preserve-21-wt	f7d78330317760098f99b2a0500c9c1e8e44fa5d	NO
harvest/rescue-120-preserve-210-_wt_1621	23237289b0fbb8f2a88ac08ae20245b47217c748	NO
harvest/rescue-120-preserve-211-_wt905	4b1a1f4eaef2ba743cea20401ef68b773b2c352d	NO
harvest/rescue-120-preserve-212-_wt905_927	9c8b5a707c7960e7e0113d68df497075f31a370c	NO
harvest/rescue-120-preserve-213-_wt_905move	030531395255413f336b41bbf1b7976cb59ce625	NO
harvest/rescue-120-preserve-214-_wt_925	4605316ebd712498cb73ec33d087e498de94e1cc	NO
harvest/rescue-120-preserve-215-_wt_925_base	799f77ffd715cc8d20d5ff8cf8ca9356e7e18f77	NO
harvest/rescue-120-preserve-216-_wt_a1520	e351fbe5f559141d96653f6b9fed34b8e1159289	NO
harvest/rescue-120-preserve-217-_wt_armA	2f6f53a37bf4e2d39071e02e812563d0543ab88f	NO
harvest/rescue-120-preserve-218-_wt_assembleB	cc99365c63443fe44e4d9e679baf32cc12d1ea72	NO
harvest/rescue-120-preserve-219-_wt_b1159	f0be15c99d88b8cccd78c1f23fcd9f9790c603f7	NO
harvest/rescue-120-preserve-22-j63b	3848ff3fbdd0b024d63ff00c944cfcd218fdddb0	NO
harvest/rescue-120-preserve-220-asm	cc70f16bb01505117ec00379b893f6e802efce4b	NO
harvest/rescue-120-preserve-221-base-hyg	06991621ba69124283b14b5b9308726323fa90fb	NO
harvest/rescue-120-preserve-222-base-new	406fae729963eb21d23f583aa4fefdb78a52ed08	NO
harvest/rescue-120-preserve-223-base-pyt	2a3a615ef224b19e95a253fd991ac21d0185679a	NO
harvest/rescue-120-preserve-224-combo	5446d55a2b119969d19cd258a6065f93df5da09c	NO
harvest/rescue-120-preserve-225-combo-pyt	a333e0bc24e0d01c48ba097ab2a6e46908b0d8db	NO
harvest/rescue-120-preserve-226-head-hyg	fbf3393095226897674e8b2a83bfbd42661e127f	NO
harvest/rescue-120-preserve-227-head-new	754a57bcbf4f91f6bdd1dd3e9b9dd0b15c4997e9	NO
harvest/rescue-120-preserve-228-head-pyt	cbc232743237beb41de419562d22cc1c51eb5d63	NO
harvest/rescue-120-preserve-229-_wt_c1575	2b3c241b22d436c142e797f618ce531d5dc2ab6b	NO
harvest/rescue-120-preserve-23-revert	7d5a56373cb3c46ddbca2f5a84587b909aa56e8f	NO
harvest/rescue-120-preserve-230-_wt_c2	818f2fb9ecd28e803c73a3ef2d511e60e64d7844	NO
harvest/rescue-120-preserve-231-_wt_c3	6a2542a5e65c1bfa5a2180d7c0e1e5821be9fe31	NO
harvest/rescue-120-preserve-232-_wt_cboth	7422cd22c99a44d89b66afd9209a2506ed5455cc	NO
harvest/rescue-120-preserve-233-_wt_citroute_head	3e2c557a45153a4907d812531e1b2b6ebf3936a1	NO
harvest/rescue-120-preserve-234-_wt_ckwiring_ctl	acc0d753c53ee78db8bad99841a35de8f1020560	NO
harvest/rescue-120-preserve-235-_wt_ckwiring_fix	8623a3c614522a0bf93811ddd76c43940566548a	NO
harvest/rescue-120-preserve-236-_wt_compose	d8e67cff02ef10a23dd5d8b359fdb25c28971662	NO
harvest/rescue-120-preserve-237-_wt_ctl_gateswired	3b4a88089146b51a270f2e221bbf5230d388cbd5	NO
harvest/rescue-120-preserve-238-_wt_f1386	fc26b64bdc485e7c65615c5039944a26a0433c4b	NO
harvest/rescue-120-preserve-239-_wt_fix1431	25ba815532f1abacc1c869473c8b48943d58dcf0	NO
harvest/rescue-120-preserve-24-wt	b852603cc26e75be62d32db960e020eb82ee6a89	NO
harvest/rescue-120-preserve-240-_wt_gband	c05107a9247cd81d7dea6f0ad6db34b2ebeb1760	NO
harvest/rescue-120-preserve-241-_wt_hyghead	14aafb151d6a2e037afea1304f52f9486e2f3acd	NO
harvest/rescue-120-preserve-242-wt-i903	7437e286631e6c02aa63532c85a1fceaa22235e9	NO
harvest/rescue-120-preserve-243-wt-i903-905-914	81c64de9977a513ba7d8d469a6a90eaf0beff4b7	NO
harvest/rescue-120-preserve-244-_wt_i905	23c04d487fd9eee13f96450e01f8fc7c1ac8a48a	NO
harvest/rescue-120-preserve-245-wt-i905b	e231644c735d2c70daad55cbc8bc1a05df4493af	NO
harvest/rescue-120-preserve-246-wt-i914	3a8376206c9c589d2f62998f22ab5eca097c8950	NO
harvest/rescue-120-preserve-247-wt-i924	497ee99dca04430430974bb5c55ea60c6a0a7927	NO
harvest/rescue-120-preserve-248-_wt_issue1431	9db91c90f170e2320e4fbba1db2e858d8f324980	NO
harvest/rescue-120-preserve-249-wt_k_sab	62d7bcd29774788354af0307de7cbe1a42290c8f	NO
harvest/rescue-120-preserve-25-wt	ec0a956f55d34fc075e16ad28cb71f28df784a67	NO
harvest/rescue-120-preserve-250-wt_k_serB	a016b4e84be8b9db58efd5f3338598de9caf8e3f	NO
harvest/rescue-120-preserve-251-_wt_lmv	e5f09a33b0a663b67dba3015004770d433e2dde1	NO
harvest/rescue-120-preserve-252-_wt_lmv2	2f37d904e466b6ca39ffb22ecd476eda0ed9c0b1	NO
harvest/rescue-120-preserve-253-_wt_n2	fbb442264a2a1be79c5b21da850a1b5107e57754	NO
harvest/rescue-120-preserve-254-_wt_ndam_decl	17fdf3e179ec0508c4400862697d89fe8a32a7bc	NO
harvest/rescue-120-preserve-255-_wt_pair	ee5919dfa25f6705b3bd52f7c13a4aad29571bff	NO
harvest/rescue-120-preserve-256-_wt_spmpass	6adef0ff9eb9e4dd7b605c844393a4b3f45b1e24	NO
harvest/rescue-120-preserve-257-_wt_stack	0b7bea45c5a6b9fb7ef8c6475fa40fa5c3eaaf3f	NO
harvest/rescue-120-preserve-258-_wt_union	ba6767db901d768f5d2c4bec21687c0330478db3	NO
harvest/rescue-120-preserve-259-_wt_v1386	dc19412533b32216c4681f5524220d92edd40650	NO
harvest/rescue-120-preserve-26-trial	78fcda87b2ccfbf7b7c4a363fb01cfe67fbd1ca2	NO
harvest/rescue-120-preserve-260-_wt_v1537	4f77a9c418295ed15ca54b1dbe6825940075de2a	NO
harvest/rescue-120-preserve-261-_wt_v1610	bda23ae40ecb396b8402488956aff1a8588e5281	NO
harvest/rescue-120-preserve-262-_wt_v1618	99f796b9f51b78e93ecab6a646fb51050067c98a	NO
harvest/rescue-120-preserve-263-wt-w2-enforce	0bd4845015190e6b2fc6c7b4c1d2c75c0727cc76	NO
harvest/rescue-120-preserve-264-_wt_x	731de4120f04d7c73f0c8b07dcfdf10012d477a3	NO
harvest/rescue-120-preserve-265-_wt_x2	6622f79b1320fab7b4ab7206a37adc60432cf716	NO
harvest/rescue-120-preserve-266-wt	dcec17a70b66417732e3a9d98f85461f4d0691a4	NO
harvest/rescue-120-preserve-267-wt	6af7dc251190837592532cbfcd5449b74fa8eaa5	NO
harvest/rescue-120-preserve-268-wt	76a018eb73ebedfe044d321b0f9f82a40952ce4c	NO
harvest/rescue-120-preserve-269-wt	b581b46958470985bb032db227e251f3abd1e90d	NO
harvest/rescue-120-preserve-27-dr2	8201f12ef97820e4025bbb3efc07071c5c102f93	NO
harvest/rescue-120-preserve-270-wt-gdrc	3a6835c40815bf3680affefbc5a4b121472e5438	NO
harvest/rescue-120-preserve-271-assemble	a24723d4ad10dd0c7f89ff0d79456b95fae498b5	NO
harvest/rescue-120-preserve-272-gt2_ee849c19e	bd4a0ebd4ec4df1ef07b1ab35cca35fc340e347a	NO
harvest/rescue-120-preserve-273-repo	f3fdb8cc2bb993a145abdfdcbe70fd0777a1f6c6	NO
harvest/rescue-120-preserve-274-shard_2efa6af35be69b409bfe9c95026e5c0a03ba56bf_3	fb349c4461a6ae81f6898294d0ccc5162a48971d	NO
harvest/rescue-120-preserve-275-shard_36db60639da89dd18d116363049c9c23bb05f259_3	1c200e210055204910e18fb4ab7d2b82ec2d6b02	NO
harvest/rescue-120-preserve-276-shard_3850b444c5654f66f4d6d9a3df3f3c03bde2e877_3	1149968fd460a6a0ac5ce241a2235a47cb066a66	NO
harvest/rescue-120-preserve-277-shard_6a092da303c282cf9bab4fdfe48d0b0b985c3dce_3	dd5d87feb47cf52aee47ac0634206b14e3f067b8	NO
harvest/rescue-120-preserve-278-shard_772c31dcb41a1625bf1c69832628722958752cb9_3	a073d3737f5d16a190d5258717667a0a39146d7c	NO
harvest/rescue-120-preserve-279-shard_8172cb0b675051e6e8122a5cc6a3e0dc9ebf64c6_3	445057e0eb20edc9c0b6902cad4f5cda88ba62cc	NO
harvest/rescue-120-preserve-28-revert	ac0ee0bbca2f62c1c1fc370a5e96a36505640fef	NO
harvest/rescue-120-preserve-280-shard_9a6c0f0b034ea9d73bc4bc6c661aae7b87fa6f0d_3	82a1c2e9b61ed60e6d5ced01a3c2be3c66d25e5f	NO
harvest/rescue-120-preserve-281-shard_b486b862c7a0eb1eb4354b7b6bd4c8cf7dea5740_3	f61940452bcbd05613ac41686243cc348b11fc1e	NO
harvest/rescue-120-preserve-282-shard_c5d7f2d00e1df23c35a8e289bc1dc3d29b62eee9_3	e53e04c2d16de66a5097a5dd3c9fcc71c235fb53	NO
harvest/rescue-120-preserve-283-shard_c8c2ab0f750efe97b5804f1bf41c279d28e4d2e5_3	3c4c12e35a7063858f73ecb2d3167f92668341c9	NO
harvest/rescue-120-preserve-284-shard_e20d37fd49abd4775ddd7b32450c9226847f91cb_3	398340c619db9fbcebbc0634700c716b357df0b0	NO
harvest/rescue-120-preserve-285-shard_ee849c19e4208b0c2e22795b9a02a5d08210c270_3	b4a60a2e3f66f285bd9a958ba7162bb2e82056c2	NO
harvest/rescue-120-preserve-286-wt2	31cd1ea8a73142072be1a3aebdaa722e8c9f7399	NO
harvest/rescue-120-preserve-29-revert2	8e170802320a0945846dccab1b7cedfbeec4b62a	NO
harvest/rescue-120-preserve-3-advD	bfb8aed53467d54d90efd77a5bf9614918fba228	NO
harvest/rescue-120-preserve-30-wt	c41a2b9e3aa7aaaae50b61c7552a7c260409c669	NO
harvest/rescue-120-preserve-31-base	6dfe606b20508d206355adc727f2aeb80909ef83	NO
harvest/rescue-120-preserve-32-probe	b9547c321c2f2cbb428f73128eb78bd736b3718c	NO
harvest/rescue-120-preserve-33-revert	d2a55f805c6af9434b8ab2ded57c78b98a589010	NO
harvest/rescue-120-preserve-34-wt	b55231a0c5d4c310bdd3c1d01fb2d5f166c71b44	NO
harvest/rescue-120-preserve-35-wt	2d4e2e777c50f2fdcae8c64542c461393c9e5861	NO
harvest/rescue-120-preserve-36-wt	00c10bdb2c37fc26d91ccdc25b82683a4033c253	NO
harvest/rescue-120-preserve-37-wt	f03de99920b1d285863367e625b04a8dfd21cf4b	NO
harvest/rescue-120-preserve-38-wt	038856627babd33976b77b957c8b57864b44a284	NO
harvest/rescue-120-preserve-39-wt	62ac2ed9bc6ab8721df0615cceddd3231b572051	NO
harvest/rescue-120-preserve-4-wtB	e9ab29de02d8e3d3480b347dc81ac2aa35f17531	NO
harvest/rescue-120-preserve-40-wt	9415419129766898d61ab2b12b34539a87cc0325	NO
harvest/rescue-120-preserve-41-repo	21c98e760a126e81556df10d062d084a1e2afd3b	NO
harvest/rescue-120-preserve-42-vibe-ic-src	8bc5a25b06dcac9c31f8a166032fb08d614b7b0d	NO
harvest/rescue-120-preserve-43-repo	c12cc3795b951c44897cf4da3f163ae00fb00b50	NO
harvest/rescue-120-preserve-44-wt_B	3e50cca96d2422237f599c2e881f698c6aa55e9d	NO
harvest/rescue-120-preserve-45-wt_C	13c5052d1ff1a50e8cdc89d81e07a3d0da7e7bac	NO
harvest/rescue-120-preserve-46-wt_probe	1ce06c68648b9413e292ddb5b5d5ab92ac0bd610	NO
harvest/rescue-120-preserve-47-plugin_1956	947a0bd6f8e35d9320ba64759c4ac8ba2f1f03dc	NO
harvest/rescue-120-preserve-48-_cf2_P2	2d58d9ea32e91ee069da7037842e3b704e15f89d	NO
harvest/rescue-120-preserve-49-_cf_P2	da295974890b3a4be998a5409d1d574b656e4380	NO
harvest/rescue-120-preserve-5-_agentjob_1169pr	54390441305abe26ba1c154cf81a3f76e51bad31	NO
harvest/rescue-120-preserve-50-vibe-ic-marketplace	60c138e3a9d829ef08d43f5f92565cb8283ce038	NO
harvest/rescue-120-preserve-51-wt	71258795cc57aaa266c2d43eed6ac955e27961e4	NO
harvest/rescue-120-preserve-52-wt2	443ab2bbd530cbbbd5123c5ccf3ce83b537b2b5d	NO
harvest/rescue-120-preserve-53-wt2	3cdc902700e032441b1401c66fd8eab910c4aee4	NO
harvest/rescue-120-preserve-54-wt_fix	9e82f865b71d3ac9a04e23672adf7278a8e4b1eb	NO
harvest/rescue-120-preserve-55-vibe-ic-marketplace	c38231d7fc92127cd378925be756b77438af7739	NO
harvest/rescue-120-preserve-56-wt_fix	8c1cd10bd6014ef9489a1c6741c0f4c2288e1e75	NO
harvest/rescue-120-preserve-57-wt_aging	9ad223dcaca7eba0f981e505262398e87f631ed3	NO
harvest/rescue-120-preserve-58-wt_fs1	b8546421722101c8c185e6cc03dbac7f793e4239	NO
harvest/rescue-120-preserve-59-wt_atpgdiscard	d256c41d3cb050a3eaee49675a2471995371a2a8	NO
harvest/rescue-120-preserve-6-wt	2a20cae543fbfc570ddb45a6e6f33f521ab6a91b	NO
harvest/rescue-120-preserve-60-wt_dftcap	8460b87d1c040c5e9d5349aa6a040e89ebdd3b14	NO
harvest/rescue-120-preserve-61-_d9_blind	ba5712ad6d0dfbedb6f908d9ab2400a14f0d67e0	NO
harvest/rescue-120-preserve-62-_d9_d9b	3436461bfb31fd233aeeed1c61ca19065f75b899	NO
harvest/rescue-120-preserve-63-_d9_i983	6d5480b55cb1e6d392f678d1b888df57beb81cf0	NO
harvest/rescue-120-preserve-64-_d9_p1b	ebdb91352bbe9b265f07cef2e83c0eb2986ec959	NO
harvest/rescue-120-preserve-65-_d9_page2	461fad5f677ba05accc20c6e53a2120f752b9cdd	NO
harvest/rescue-120-preserve-66-_d9_pin	0feacb7382e89509899775e21a99f52d94df4a0f	NO
harvest/rescue-120-preserve-67-_gk1347	b5f4ea6e080d81fdad5dd877744d48cd1332d733	NO
harvest/rescue-120-preserve-68-_gk1704	8c6c8005192e73f7c808c8d8b93f647cc3723f1f	NO
harvest/rescue-120-preserve-69-repo	b2773247c95e064818194f3d92cff7858a270635	NO
harvest/rescue-120-preserve-7-wt	ae911d9b3808540f6dcc5599e17b000ec50b27b9	NO
harvest/rescue-120-preserve-70-base	e9599018f8d8b969808b5ded6ca8901621ee927a	NO
harvest/rescue-120-preserve-71-ctl	d1e42993f955307fd409a1d324bf4cf053b320e5	NO
harvest/rescue-120-preserve-72-repo	3402ab5e8c4cf3d04f46c22b96e8a2a31230a37e	NO
harvest/rescue-120-preserve-73-_harv_push	ef33a1b4528266a7ac722febb9fa7b133ce60c9a	NO
harvest/rescue-120-preserve-74-wt2	1947a570a95ce553cd4a6609f0af09a9fb5e72ba	NO
harvest/rescue-120-preserve-75-_i1347	0c3470b31dbd73153792b26bb9fc62d7814e9d3d	NO
harvest/rescue-120-preserve-76-wt	f1b315fc7b8e681abeedd15654f4b7f4cbeac2b5	NO
harvest/rescue-120-preserve-77-wt	e9c45761a03d9151f0c0bc71f40eb393838db90a	NO
harvest/rescue-120-preserve-78-base	a05debdf0c0864d0da638410e13d1b2f6e63edad	NO
harvest/rescue-120-preserve-79-mut	fd7257489be87bd0ce4b8f43e820badcc3026bc4	NO
harvest/rescue-120-preserve-8-wt	44fd953a73e9014ee70606e9a1dfb41e05870116	NO
harvest/rescue-120-preserve-80-tree	e48e3929cda3bba453606a88bfbca375f4ec93b5	NO
harvest/rescue-120-preserve-81-wt-jppa-prscope	b56716c10e1bab92d35086e29a3d18db182353a3	NO
harvest/rescue-120-preserve-82-base	8c21c35ab2c126fa216023a7d555c821a4ec68f7	NO
harvest/rescue-120-preserve-83-wt	72236b0cd5a1a9fb8d6801fdede337e8f198f1dd	NO
harvest/rescue-120-preserve-84-base	30c5147bec10752c4d1eab6fb484b24b5daef75c	NO
harvest/rescue-120-preserve-85-wt	f1a7445b44151ebffe8b3954756d819ac7454798	NO
harvest/rescue-120-preserve-86-_L1704	68e66d60862ec0bd64045b555e98e2de557a4e5f	NO
harvest/rescue-120-preserve-87-_L1704_guard	55c4b177b9aa6f0bc42fbb1ef60dee598d61488e	NO
harvest/rescue-120-preserve-88-_LRNor	1cedbe0f39967b2b889d6ac2aa6e56d1dc2fa169	NO
harvest/rescue-120-preserve-89-assemble	a1cfde27d6cbfe934172beac984dbb13afa93ad3	NO
harvest/rescue-120-preserve-9-wt2	e9a1ae7d8a881d8acdfb89e1695a28e03cfd26e8	NO
harvest/rescue-120-preserve-90-base-hyg	65a18b15f015495fbbaeb35cdbb82fe04f171e59	NO
harvest/rescue-120-preserve-91-base-pyt	b9a4e26f42e990cd0e84fd100a3c03be90d2ad7c	NO
harvest/rescue-120-preserve-92-head-hyg	a082e0b67a28bbd34884baddcd83a7adf531160c	NO
harvest/rescue-120-preserve-93-head-pyt	8f16039a401f3aaff48ff77f6fb041d9b0d61a1b	NO
harvest/rescue-120-preserve-94-solo	98b2bb20d9b10e30fca935ec45be7065cde89a5e	NO
harvest/rescue-120-preserve-95-_nrec	656bde08d869d8b36b90f58f888b2d98c30d8764	NO
harvest/rescue-120-preserve-96-_pg_c2	06d8d2cf1b828f8d0ad39e9daacae960dded6c1c	NO
harvest/rescue-120-preserve-97-_pg_compose	6c58b71acab7ad166a9b293696f0574282f8a65b	NO
harvest/rescue-120-preserve-98-_pg_h1	fffbccb8d3551ac0816e3d7eaebd647b76762ec4	NO
harvest/rescue-120-preserve-99-_pg_h1c	b4f8d9ed299520db04ef677be44dfdd87d99e598	NO
harvest/rescue-121-branchreflog-1-tree	9d52f98b34ceff7fb74d3f6520e52482de9960c1	NO
harvest/rescue-121-branchreflog-2-smrg_tree	253fc50e45456fb293428dff503f5a3bc70e5b11	NO
harvest/rescue-121-branchreflog-3-vibe-ic	ad352003dffa2d50c861ae4340a3a87dc6b75804	NO
harvest/rescue-121-displaced-1-vibe-ic	407b77ad4ec86e48f0e75494d9e6e86eaecaaa5b	NO
harvest/rescue-121-jwire2-headmoved-4c77f7f0	4c77f7f0ae43915d5f550e4b096b0e9ef8144710	NO
harvest/rescue-121-localonly-vibe-ic	f7657a760df0c75614a25fff8ffebb64950bf845	NO
harvest/rescue-121-localrefs-1-repo	217e73f94ccbc78f9138f67e25824fa1e43ac9ba	NO
harvest/rescue-121-localrefs-2-tree	7859a51e498c961c880b6f31029704cec9e2f03f	NO
harvest/rescue-121-localrefs-3-tree	e5cdc630d7ed98dd13a55ff62a1d7262229a653c	NO
harvest/rescue-121-localrefs-4-main92	3430e240612757cc9bc6a53635d9f73be9c7debd	NO
harvest/rescue-121-localrefs-5-smrg_tree	995185e1104a5247af03b419b97a58448691c2b0	NO
harvest/rescue-121-localrefs-6-vibe-ic	02d61df518202443538c8bd003e346479d9d1a4f	NO
harvest/rescue-121-stashes-1-vibe-ic	f9b97001e59647b24a71f614abd3abca2145472b	NO
harvest/rescue-8HD-6-branchreflog-_jppa_power-tree	327c7071faf34bb77f88be789d5796d71de5951b	NO
harvest/rescue-8HD-6-branchreflog-vibe-ic	a25e515347a6a60c78ba48d80f1e480edad97375	NO
harvest/rescue-8HD-6-priorheads-vibe-ic	75907612b69b3004b4dd333e2c60651673cbce26	NO
harvest/rescue-8HD-6-stale-remote-vibe-ic	78ae4dbdc7707864db8ba68d95abe1fbeb6fdd14	NO
harvest/rescue-8HD-7-1-vibe-ic	f7def7b00f90ef85c23698d6509fad1981c99aca	NO
harvest/rescue-8HD-7-2-_wf_ae_a-stated-justification-must-be-checkable_v871	d052aa5ebb0014f3ecd0962af0a773f4269ea081	NO
harvest/rescue-8HD-7-3-repo	7ef55c5c147dfd627da6c2a5efd0f55417541b67	NO
harvest/rescue-8HD-7-4-pr	16e990e034d112d203b938ad76a5e695a6fdec8d	NO
harvest/rescue-8HD-7-displaced-1-_impl_pdk-provenance-from-load-path	9a4588e4dbff1098437d40431d406d1ce110d72a	NO
harvest/rescue-8HD-7-displaced-10-vibe-ic	111c962e79adfd9b2b7bbf3d11c085fd9678c6db	NO
harvest/rescue-8HD-7-displaced-11-_wf_cap_detector-must-not-name-the-design	60dbe83b92f7585559c6ddfbc7ac6865d26fe70c	NO
harvest/rescue-8HD-7-displaced-12-repo	1db5a24caac6985b506d9013987fd1a18ed51e9d	NO
harvest/rescue-8HD-7-displaced-13-repo	6bf3880f78a5ce1197d589d1afc55de2a7372db7	NO
harvest/rescue-8HD-7-displaced-14-actv	d9a07664f660623e5da4534d8f67b6ffe4e6b37d	NO
harvest/rescue-8HD-7-displaced-2-_impl_sdc-io-role-split-surface	99bf5f019810fe1d5b8e7ad266a5b21b57afff8d	NO
harvest/rescue-8HD-7-displaced-3-repo	9d1cb76094d6bd5b0c6c097b046730343a4a1d46	NO
harvest/rescue-8HD-7-displaced-4-repo	9541be2093f57958d03f5f57f3632ae59f4c1e2a	NO
harvest/rescue-8HD-7-displaced-5-vibe-ic	163d16bab08c445eebf76488bca4f2885772f03a	NO
harvest/rescue-8HD-7-displaced-6-_wf_ae_a-stated-justification-must-be-checkable	2fb86163382f54d533fc368d95fb2825b99fcc60	NO
harvest/rescue-8HD-7-displaced-7-repo	41f4463c75539eb780f14efc558ac752c6e89c2c	NO
harvest/rescue-8HD-7-displaced-8-repo	8f5b8ebbbdbde031edd3b03a1f5d101cff71160a	NO
harvest/rescue-8HD-7-displaced-9-vibe-ic	3f3ef507b7d36e7630097749d65f85dc56e83d3f	NO
harvest/rescue-8HD-7-priorheads-1-repo	e98c9c3e2df828a6c57b1c8dfdafc383f359a335	NO
harvest/rescue-8HD-7-priorheads-2-_landppa	65ef5968465161dc1d370d2af1a824eb9560256a	NO
harvest/rescue-8HD-7-priorheads-3-vibe-ic	91ce42a526519282f6cbe9f4dfcb983c744b72ab	NO
harvest/rescue-8HD-7-priorheads-4-land	f50828db371bb5608dc511e9bdc08447c7c41558	NO
harvest/rescue-8HD-8-notonorigin-vibe-ic	7739357086c95f582a7da439c3d97af4b2c65a27	NO
harvest/rescue-8HD-8-notonorigin-vibe-ic-repo	008ca10109f8c145332fffceac4c06e90a06d665	NO
harvest/rescue-8HD-8-vibe-ic	9de164c97b47d3a2c4db11eb8c7ca0e0fb0f1a9a	NO
harvest/rescue-8HD-9-branchreflog-vibe-ic	e97122fb25881ea487c349b5a70b033c1d67ce38	NO
harvest/rescue-8HD-9-branchreflog-vibe-ic-repo	bdd2e6233fc63fc22539491d2b80c4b3017d017b	NO
harvest/rescue-8HD-9-displaced-_meas_head	4192b8fa93d5b23482054e0009110c6d7ee5d4d5	NO
harvest/rescue-8HD-9-displaced-vibe-ic	5f01c434221f4272cc170ecbd7d9a2f3de334cc0	NO
harvest/rescue-8HD-9-displaced-vibe-ic-repo	8e7fc9377a286e07624408efd06fadd4699b0568	NO
harvest/rescue-8HD-9-gk1764-movedhead	1d00a7361fa72e8845c9f344e763481b81da3bb4	NO
harvest/rescue-8HD-9-gk1764-movedhead-3	3e1e173f0cf3e8511677d52178f9de2f1a8cdab4	NO
harvest/rescue-8HD-9-localonly	1baf47314f43ac5db131d9965837a3c8633cdd72	NO
harvest/rescue-8HD-9-localonly-vibe-ic-repo	1280d1ae146e8e4c655c378ba2c1c819220e7f8d	NO
harvest/rescue-8HD-9-localrefs-repo	abc35599c9c8280a77aae3bae8a5b7f4f3035ce8	NO
harvest/rescue-8HD-9-localrefs-repo_vibeic	96aadf1b4f95ce78e57952beea4928b3e6601280	NO
harvest/rescue-8HD-9-localrefs-vibe-ic	185a513ab998ecf4f56b6bfc6ea626be476926e1	NO
harvest/rescue-8HD-9-localrefs-vibe-ic-jmg2	c00633e3b9b59a4cbefb36d1ae556d5f70ac75b1	NO
harvest/rescue-8HD-9-localrefs-vibe-ic-repo	596e17c4f8076cc7aa990933730e79ab1e8546d5	NO
harvest/rescue-8HD-9-localrefs-vibe-ic-shard	0a312e4918f067f9cff325439156a5a9fbd08f27	NO
harvest/rescue-8HD-9-localrefs-vibe-ic-wt-a857c45b-gconn	b28df07918616c03ecd782754d75583eb4d7364f	NO
harvest/rescue-8HD-9-localrefs-vic	3de0b1eb5a082348a123b9217419dfb0611438ae	NO
harvest/rescue-8HD-9-notonorigin-repo	73f2bde0e124c05e4510a285727e409ac907292e	NO
harvest/rescue-8HD-9-notonorigin-repo_vibeic	38707e3f98aea45558bbc803a243a86fbd8c69c9	NO
harvest/rescue-8HD-9-notonorigin-vibe-ic-wt-a857c45b-gconn	8309c1478f0c8c58a66b3ddb75523063a3e724a1	NO
harvest/rescue-8HD-9-notonorigin-vic	894921679042a263c8807afa2e5096114c620118	NO
harvest/rescue-8HD-9-priorheads-prcheck161-repo	5b295b2d9b03ab811294779e57b9b9b7cfe0ec15	NO
harvest/rescue-8HD-9-priorheads-repo	f91422e244cb21d7525fcdc1068008067ab5b579	NO
harvest/rescue-8HD-9-priorheads-vibe-ic	3a2601fab1d92bcc728be1659446cfe3a582b676	NO
harvest/rescue-8HD-9-priorheads-vibe-ic-repo	58c18d6002be88de849d46286f59523bb38bd85f	NO
harvest/rescue-8HD-9-priorheads-vibe-ic-shard	07f80aaa89e26af4dd815e43bcaf372adbd41892	NO
harvest/rescue-8HD-9-stashes-vibe-ic	6d7b5f24566915d2885c0b96a84bbba6e2f8f55b	NO
harvest/rescue-8HD-9-vibe-ic	420a350108aacd9e1150b4a42c5e61f0e1c89b24	NO
harvest/rescue-8HD-9-vibe-ic-shard	acdf7fbbd9465c25bddad17454558d13854f89e4	NO
harvest/rescue-8HD-d-branchreflog-vibe-ic-repo	ec1fcb30aa6dd47e41d6fecbdc22e66a055881f8	NO
harvest/rescue-8HD-d-brl-b112_00	fcdd788606215c9a886df809f7e1e03d40f6853c	NO
harvest/rescue-8HD-d-brl-b112_01	2af164e9f3d2e33c6ce71ff91f064568f196f0ac	NO
harvest/rescue-8HD-d-brl-b112_04	9a3e10a49500d96bab8aa28cc82e22623b8294e0	NO
harvest/rescue-8HD-d-brl-b112_05	8b4c455ef106563838d976cd459f5dc9d1f1979e	NO
harvest/rescue-8HD-d-jppa-skills-prior	03926f8b50f117066c0ef7bf4cbafef135a044a5	NO
harvest/rescue-8HD-d-localonly-vibe-ic	aeb888694f8fe4fde567ee37d00fa25d3fdb38d9	NO
harvest/rescue-8HD-d-localonly-vibe-ic-repo	99a0c6a79a5e517fab689bb9924f19dcdf846bef	NO
harvest/rescue-8HD-d-priorheads-vibe-ic	b7db75219997cee6da858342c4f40ef99bbda9a5	NO
harvest/rescue-8HD-d-stale-remote-vibe-ic	fc3d6be697f3b9793e1df06eee2297da7d2d6bff	NO
harvest/rescue-8HD-d-stashes-vibe-ic	4dfe667a995e79feb7170ccbd641c8732631724c	NO
harvest/rescue-8HD-d-unreferenced	8238d2b694e2e638c01f54d486aa11e4822f93b0	NO
harvest/rescue-8HD-d-v1126	a7b1ed913e21485660bfa3d9d5ba69042dabaea4	NO
harvest/rescue-8hd-3-agentjob-lgate	bd20fc88d40bab2628686b4d2f8d24d28e7be81b	NO
harvest/rescue-8hd-3-branchreflog-vibe-ic	72b447c4285ba1c707670748649d582d7fdd56de	NO
harvest/rescue-8hd-3-brl-30fc67d75	30fc67d7590a77ef6cb80c01b7b5f93bd55a5873	NO
harvest/rescue-8hd-3-brl-77ff8e799	77ff8e799ba87bfffb488a79440e1b7f5ec119a6	NO
harvest/rescue-8hd-3-brl-8e6f0c859	8e6f0c859f102ed36cc48ee47d41c7233d0f477b	NO
harvest/rescue-8hd-3-brl-b1f0a7c4f	b1f0a7c4ff9f4dafd5d2e47584ec8ba6896e7f55	NO
harvest/rescue-8hd-3-brl-c03653e21	c03653e2167197552230c8d6eadb6f8bc418360a	NO
harvest/rescue-8hd-3-brl-dc2ed9a7e	dc2ed9a7ea577199da6ba5f272befe229d82fa7a	NO
harvest/rescue-8hd-3-jm9wt	a7b1ed913e21485660bfa3d9d5ba69042dabaea4	NO
harvest/rescue-8hd-3-localonly-vibe-ic	2cc7687a8ba9bb63edd2c29b012fffa340c6cc9d	NO
harvest/rescue-8hd-3-priorheads-vibe-ic	92d86e21387b32b5f081ac0c8b06b20954fdacd1	NO
harvest/rescue-8hd-3-stale-remote-vibe-ic	a79680511d20852e5f765b6f16951dc4fcb1a4b8	NO
harvest/rescue-8hd-3-stashes-vibe-ic	b0168e3ba0cbcc2e5e5951d27d603ec44af11b5e	NO
harvest/rescue-8hd-3-unreferenced	17264157dbc95edbdc4f9c1751bb8b3cb50dd17f	NO
harvest/rescue-8hd6	f1147a81d262a11ea3466c4995b3821478c24680	NO
harvest/rescue-8hd6-codex-fixall	66f381776b7ef72c454a9cd98ff70581fe279785	NO
harvest/rescue-8hd6-shard-9a6c0f0b0	9a6c0f0b034ea9d73bc4bc6c661aae7b87fa6f0d	NO
harvest/rescue-8hd6-shard-b486b862c	b486b862c7a0eb1eb4354b7b6bd4c8cf7dea5740	NO
